
INSERT INTO "public"."categories" ("id", "name", "displayorder") VALUES ('1', '🍕 Пицца', '1'), ('2', '🍣 Суши', '2'), ('3', '🍔 Бургеры', '3'), ('4', '🥗 Салаты', '4'), ('5', '🥤 Напитки', '5'), ('6', '🍰 Десерты', '6');


INSERT INTO "public"."products" ("id", "name", "description", "weight", "calories", "price", "proteins", "isactive", "image", "categoryid", "composition") VALUES ('1', 'Маргарита', 'Классическая пицца с томатами и моцареллой', '450', '800', '550', '30', 'false', 'images/pizza-margherita.jpg', '1', 'Тесто, томатный соус, моцарелла, свежий базилик, оливковое масло, соль, перец.'), ('2', 'Пепперони', 'Острая пицца с колбасками и сыром', '480', '950', '600', '35', 'true', 'images/pizza-pepperoni.jpg', '1', 'Тесто, томатный соус, моцарелла, пепперони.  '), ('3', '4 сыра', 'Смесь четырех сыров: моцарелла, горгонзола, пармезан, эмменталь', '470', '850', '650', '40', 'true', 'images/pizza-four-cheese.jpg', '1', 'Тесто, томатный соус, моцарелла, горгонзола, пармезан, рикотта, эмменталь.'), ('4', 'Гавайская', 'Курица, ананас, сыр моцарелла', '460', '780', '620', '32', 'true', 'images/pizza-hawaiian.jpg', '1', 'Тесто, томатный соус, моцарелла, ветчина, ананас.  '), ('5', 'Филадельфия', '20 шт: лосось, сливочный сыр, рис', '300', '600', '1200', '45', 'true', 'images/sushi-set.jpg', '2', 'Рис, нори, свежий лосось, огурец, сливочный сыр.  '), ('6', 'Веганские', 'Авокадо, огурец, тофу', '280', '400', '900', '20', 'true', 'images/sushi-vegan.jpg', '2', 'Рис, нори, авокадо, огурец, тофу.'), ('7', 'Калифорния', '18 шт: краб-микс, авокадо, огурец', '290', '550', '1100', '35', 'true', 'images/sushi-california.jpg', '2', 'Рис, нори, краб-микс, авокадо, огурец.'), ('8', 'Унаги', 'Ролл с угрём и кунжутом', '270', '500', '950', '38', 'true', 'images/sushi-unagi.jpg', '2', 'Рис, нори, краб-микс, авокадо, огурец.'), ('9', 'Классический', 'Говяжья котлета, сыр чеддер, салат', '350', '700', '350', '45', 'true', 'images/burger-classic.jpg', '3', 'Говяжья котлета, сыр чеддер, салат айсберг, помидор, красный лук, соус.'), ('10', 'Чикен', 'Куриная котлета, соус цезарь', '320', '550', '300', '40', 'true', 'images/burger-chicken.jpg', '3', 'Куриная котлета, салат айсберг, помидор, соус цезарь.'), ('11', 'Грибной', 'Говяжья котлета, шампиньоны, сыр', '360г', '650', '380', '42', 'true', 'images/burger-mushroom.jpg', '3', 'Говяжья котлета, жареные шампиньоны, сыр чеддер/моцарелла, соус.'), ('12', 'Веганский', 'Котлета из нута, авокадо, овощи', '330г', '450', '320', '25', 'true', 'images/burger-vegan.jpg', '3', ' Котлета из нута, авокадо, свежие овощи (салат, помидор, огурец), веганский соус.'), ('13', 'Цезарь', 'Курица, пармезан, листья романо', '300', '450', '280', '35', 'true', 'images/salad-cezar.jpg', '4', 'Листья романо, куриное филе, крутоны, пармезан, соус цезарь.'), ('14', 'Греческий', 'Свежие овощи, фета, оливки', '280', '350', '250', '20', 'true', 'images/salad-greek.jpg', '4', 'Свежие овощи (помидор, огурец, перец, красный лук), сыр фета, оливки Каламата, оливковое масло.'), ('15', 'Нисуаз', 'Тунец, яйцо, стручковая фасоль', '320', '400', '300', '38', 'true', 'images/salad-nicoise.jpg', '4', 'Листья салата, тунец, отварное яйцо, стручковая фасоль, оливки, заправка.'), ('16', 'Капрезе', 'Моцарелла, помидоры, базилик', '290', '380', '270', '25', 'true', 'images/salad-caprese.jpg', '4', 'Свежие помидоры, шарики моцареллы, свежий базилик, оливковое масло, бальзамический соус.'), ('17', 'Кола', '0.5 л', '500', '200', '120', '0', 'true', 'images/drink-cola.jpg', '5', 'Газированная вода с сахаром и ароматизаторами.'), ('18', 'Домашний лимонад', 'Свежий мятный лимонад', '400', '150', '180', '1', 'true', 'images/drink-lemonade.jpg', '5', 'Лимонный сок, сахар, вода, мята.'), ('19', 'Апельсиновый сок', 'Свежевыжатый, 0.3 л', '300', '120', '200', '2', 'true', 'images/drink-orange.jpg', '5', 'Свежевыжатый апельсиновый сок.'), ('20', 'Латте', 'Кофе с молоком, 0.3 л', '300', '180', '250', '6', 'true', 'images/drink-latte.jpg', '5', 'Эспрессо с горячим молоком и молочной пеной.
'), ('21', 'Чизкейк', 'Классический Нью-Йорк', '150', '450', '220', '8', 'true', 'images/dessert-cheesecake.jpg', '6', 'Творожный сыр на основе печенья с маслом.'), ('22', 'Тирамису', 'Итальянский десерт', '140', '400', '250', '6', 'true', 'images/dessert-tiramisu.jpg', '6', 'Савоярди пропитанные кофе с кремом из маскарпоне и какао.'), ('23', 'Наполеон', 'Классический слоеный торт', '160', '500', '200', '5', 'true', 'images/dessert-napoleon.jpg', '6', 'Слоеное тесто с заварным кремом.'), ('24', 'Мороженое', 'Ванильное с топпингом', '100', '250', '150', '4', 'true', 'images/dessert-icecream.jpg', '6', 'Замороженный десерт на основе молока или сливок с шоколадным топингом.');

INSERT INTO "public"."users" ("id", "username", "password", "email", "address", "phone", "discount") VALUES ('1', 'skeesh', '$2b$10$9jZuB0clSPx7GS48D3S54uVRu1LWD2xWDsnNVO9ZID4hQkMSS36Py', null, null, null, '10.619'), ('2', 'dan', '$2b$10$8NZlrlHucVsMLqX2EUYodOTr2xmqq3IiY1KG28eFJ8gsRsRSHlDkO', 'd.pacooloff@gmail.com', 'sdfnskdf', '+795465236542', '0'), ('3', 'asd', '$2b$10$qZojteW4k5Es7x3xoOKPFeA13f4kE9w.cjDgIlX0N8dfEe/dw0ZVq', null, null, null, '0.36'), ('4', 'keyeo', '$2b$10$5EjBLsxXg3xwzudMF0Oa/O74zdr6s7I9ZQwJ6H3OYHrEFj0G.B0Lq', null, null, null, '0.251'), ('8', 'asdf', '$2b$10$MEBH2quBqy/xx7gfffnfWe.Fk1yJqBqwGUnZrKNNMthwQkH8xtnA2', 'd@mail.ru', null, '+79995642545', '1.927'), ('9', 'Валерия', '$2b$10$KqL3otCfKOF1DAm9IzJxeuxHKRSRaQFXJy48Qo6T7WLyhCeExXmHG', 'lera.medvedeva200422@bk.ru', null, '89995488473', '0.502'), ('10', 'skeesh24', '$2b$10$nBVCtrU.uMtIs3VflLBQq.13eo2F0eR33PIpIyYwo8a1gz4XPleuK', 'd.pakulov04@gmail.com', null, '+799965432154', '1.969'), ('11', 'Лера', '$2b$10$W.vu69feEgO6x1bevWJJ3uu9PaNcpJqQPdpb7bKCOIQW5l2AtMcGK', 'lera.medvedeva200422@bk.ru', null, '89995488473', '1.252'), ('12', 'toqsukr', '$2b$10$jQkyhCQLiAvyO4iMfGEOkOIU64A45feHz6oswMxrOQizGKK7t1Jcm', 'bratok@gmail.com', null, '88005553535', '0.332'), ('13', 'Кейо', '$2b$10$PM.3.WnLbYFp/N3EhzK4nelm4UulM5pHS2.uPz3F5mF.mlLXnQeQO', 'lera.medvedeva200422@bk.ru', null, '89995488473', '0.062');

INSERT INTO "public"."cart" ("id", "userid", "productid") VALUES ('169', '3', '3'), ('254', '11', '3');

INSERT INTO "public"."orders" ("id", "userid", "orderdate", "totalamount", "status", "deliveryaddress", "comments", "customization") VALUES ('1', '1', '2025-05-30 15:34:42.804', '1170', null, null, null, null), ('2', '1', '2025-05-30 15:35:04.769', '1150', null, null, null, null), ('3', '1', '2025-05-30 15:36:05.345', '1150', null, null, null, null), ('4', '3', '2025-05-30 15:38:36.063', '920', null, null, null, null), ('5', '2', '2025-05-30 15:49:41.184', '600', null, null, null, null), ('6', '4', '2025-05-30 16:38:42.205', '600', null, null, null, null), ('7', '3', '2025-05-31 01:45:37.472', '600', null, null, null, null), ('8', '3', '2025-05-31 01:48:21.054', '1150', null, null, null, null), ('9', '3', '2025-05-31 01:55:22.86', '5550', null, null, null, null), ('10', '3', '2025-05-31 01:56:47.995', '1300', null, null, null, null), ('11', '3', '2025-05-31 01:56:48.443', '1300', null, null, null, null), ('12', '3', '2025-05-31 02:27:19.46', '1150', null, null, null, null), ('13', '3', '2025-05-31 02:28:11.979', '1150', null, null, null, null), ('14', '1', '2025-05-31 02:34:11.429', '1250', null, null, null, null), ('15', '1', '2025-05-31 02:37:52.593', '1250', null, null, null, null), ('16', '1', '2025-05-31 02:39:44.341', '1250', null, 'Самовывоз', 'фыаы', null), ('17', '1', '2025-05-31 04:27:33.891', '1750', null, 'Самовывоз', 'sfdsdf', null), ('18', '1', '2025-05-31 04:39:22.996', '1850', null, 'Самовывоз', null, null), ('19', '1', '2025-05-31 05:09:09.511', '3670', null, 'Самовывоз', null, null), ('20', '1', '2025-05-31 05:12:41.335', '650', null, 'Самовывоз', 'вы', null), ('21', '1', '2025-05-31 05:15:08.253', '1950', null, 'Самовывоз', 'фыв', null), ('22', '1', '2025-05-31 05:31:01.355', '1950', null, 'Самовывоз', null, null), ('23', '1', '2025-05-31 05:31:33.406', '550', null, 'Самовывоз', 'ываыва', null), ('24', '1', '2025-05-31 05:33:07.305', '600', null, 'Самовывоз', 'ывываыв', null), ('25', '1', '2025-05-31 05:52:46.442', '1840', null, 'Самовывоз', 'ыва', null), ('26', '1', '2025-05-31 05:59:43.012', '1220', null, 'Самовывоз', 'ыва', null), ('27', '1', '2025-05-31 06:01:54.072', '1200', null, 'Самовывоз', 'ываыва', null), ('28', '1', '2025-05-31 06:03:47.284', '550', null, 'Самовывоз', 'фывфыв', null), ('29', '1', '2025-05-31 06:05:37.424', '0', null, null, null, 'укпу'), ('30', '1', '2025-05-31 06:05:48.569', '550', null, 'Самовывоз', 'впрас', 'укпу'), ('31', '1', '2025-05-31 06:38:15.729', '0', null, null, null, 'dsf'), ('32', '1', '2025-05-31 06:38:24.353', '550', null, 'Самовывоз', 'dfgd', 'dsf'), ('33', '1', '2025-05-31 06:45:55.295', '0', null, null, null, 'sdf'), ('34', '1', '2025-05-31 06:47:46.093', '0', null, null, null, 'sdf'), ('35', '1', '2025-05-31 06:48:10.155', '3900', null, 'Самовывоз', 'asfsd', 'sdf'), ('36', '1', '2025-05-31 06:54:07.84', '0', null, null, null, 'sdfdf'), ('37', '1', '2025-05-31 06:55:08.769', '4250', null, 'Самовывоз', 'ояояоя я семен лобанов', 'sdfdf'), ('38', '1', '2025-05-31 07:03:48.856', '2600', null, 'Самовывоз', 'вапвапвап', 'sdfdf'), ('39', '1', '2025-05-31 07:05:28.702', '0', null, null, null, 'роьр'), ('40', '1', '2025-05-31 07:05:45.805', '1800', null, 'Самовывоз', 'проп', 'роьр'), ('41', '1', '2025-05-31 07:05:46.113', '1800', null, 'Самовывоз', 'проп', 'роьр'), ('42', '1', '2025-05-31 07:09:43.111', '650', null, 'Самовывоз', 'ываыва', 'роьр'), ('43', '8', '2025-05-31 07:22:51.896', '2320', null, 'Самовывоз', 'asdasd', null), ('44', '8', '2025-05-31 07:23:07.362', '0', null, null, null, 'asadasd'), ('45', '8', '2025-05-31 07:23:18.831', '1150', null, 'Самовывоз', 'asdasdasd', 'asadasd'), ('46', '8', '2025-05-31 07:26:56.016', '620', null, 'Самовывоз', 'фывфыв', 'asadasd'), ('47', '3', '2025-05-31 07:50:32.526', '0', null, null, null, 'wfefsd'), ('48', '3', '2025-05-31 07:51:00.81', '3600', null, 'Самовывоз', 'dfgdfgd', 'wfefsd'), ('49', '4', '2025-05-31 07:55:05.189', '2510', null, 'Самовывоз', null, null), ('50', '9', '2025-05-31 07:58:24.966', '0', null, null, null, 'без авокадо'), ('51', '9', '2025-05-31 07:58:48.196', '2000', null, 'Самовывоз', 'домофон не работает', 'без авокадо'), ('52', '8', '2025-05-31 08:56:39.904', '1240', null, 'Самовывоз', 'hui', 'asadasd'), ('53', '8', '2025-05-31 08:58:42.46', '0', null, null, null, 'фывфыв'), ('54', '8', '2025-05-31 08:58:51.835', '1250', null, 'Самовывоз', null, 'фывфыв'), ('55', '9', '2025-05-31 08:59:46.59', '1750', null, 'Мельникайте д 103', 'домофон не работает', 'без авокадо'), ('56', '9', '2025-05-31 09:00:35.994', '0', null, null, null, 'без ананасов'), ('57', '8', '2025-05-31 09:00:51.593', '2000', null, 'улица пушкина дом  колотушкина', null, 'фывфыв'), ('58', '9', '2025-05-31 09:01:24.004', '1270', null, 'Мельникайте д 103', 'нет домофона', 'без ананасов'), ('59', '8', '2025-05-31 09:57:38.679', '650', null, 'Самовывоз', null, 'фывфыв'), ('60', '8', '2025-05-31 10:01:37.06', '620', null, 'Самовывоз', null, 'фывфыв'), ('61', '8', '2025-05-31 10:03:20.946', '650', null, 'Самовывоз', null, 'фывфыв'), ('62', '8', '2025-05-31 10:04:44.002', '600', null, 'Самовывоз', null, 'фывфыв'), ('63', '8', '2025-05-31 10:05:42.786', '2050', null, 'Самовывоз', null, 'фывфыв'), ('64', '8', '2025-05-31 10:07:44.348', '620', null, 'Самовывоз', null, 'фывфыв'), ('65', '8', '2025-05-31 10:08:36.889', '0', null, null, null, 'без бамбука желательно'), ('66', '8', '2025-05-31 10:08:55.117', '2400', null, 'хасанский район', 'эйй', 'без бамбука желательно'), ('67', '8', '2025-05-31 10:12:24.347', '620', null, 'Самовывоз', 'ляляля', 'без бамбука желательно'), ('68', '8', '2025-05-31 10:14:25.238', '620', null, 'Самовывоз', 'ляля', null), ('69', '8', '2025-05-31 10:16:17.641', '650', null, 'Самовывоз', 'макан люблю', null), ('70', '8', '2025-05-31 10:17:40.187', '0', null, null, null, 'без лука плз'), ('71', '8', '2025-05-31 10:17:46.229', '0', null, null, null, 'с топингом'), ('72', '8', '2025-05-31 10:18:28.419', '1210', null, 'россия 34 народный кандидат', 'макан люблю', null), ('73', '1', '2025-05-31 10:22:39.542', '0', null, null, null, 'без говна плз'), ('74', '1', '2025-05-31 10:22:47.731', '0', null, null, null, '40 лет как под накрозом'), ('75', '1', '2025-05-31 10:22:58.792', '0', null, null, null, 'добрый'), ('76', '1', '2025-05-31 10:23:35.869', '1040', null, 'в 90е родился на краю города', 'набери братуха', null), ('77', '10', '2025-05-31 11:28:57.796', '0', null, null, null, 'авокато'), ('78', '10', '2025-05-31 11:29:19.296', '2100', null, 'Самовывоз', 'уютное кафе', null), ('79', '10', '2025-05-31 11:33:31.03', '650', null, 'Самовывоз', 'ляля', null), ('80', '10', '2025-05-31 11:35:14.911', '0', null, null, null, 'бич'), ('81', '10', '2025-05-31 11:35:26.551', '650', null, 'Самовывоз', 'ываыва', null), ('82', '11', '2025-05-31 11:36:46.776', '0', null, null, null, 'без дор блю'), ('83', '11', '2025-05-31 11:37:24.714', '1270', null, 'Мельникайте д 103', 'нет домофона', 'без дор блю'), ('84', '10', '2025-05-31 11:39:08.174', '0', null, null, null, 'ыфвфыв'), ('85', '10', '2025-05-31 11:39:17.697', '2320', null, 'Самовывоз', 'фвыы', null), ('86', '10', '2025-05-31 11:43:46.403', '0', null, null, null, 'фыв'), ('87', '10', '2025-05-31 11:43:56.598', '2350', null, 'Самовывоз', 'фывфвы', null), ('88', '10', '2025-05-31 11:44:34.456', '1270', null, 'Самовывоз', 'фыв', null), ('89', '10', '2025-05-31 11:47:39.841', '0', null, null, null, 'фываы'), ('90', '10', '2025-05-31 11:49:24.478', '1270', null, 'Самовывоз', 'фыва', null), ('91', '10', '2025-05-31 11:53:16.77', '0', null, null, null, 'ыва'), ('92', '10', '2025-05-31 11:53:32.879', '0', null, null, null, 'ываываы'), ('93', '10', '2025-05-31 11:53:45.979', '600', null, 'Самовывоз', 'ыва', null), ('94', '10', '2025-05-31 11:53:45.979', '620', null, 'Самовывоз', 'ыва', null), ('95', '10', '2025-05-31 11:53:45.979', '650', null, 'Самовывоз', 'ыва', null), ('96', '10', '2025-05-31 11:53:45.98', '380', null, 'Самовывоз', 'ыва', null), ('97', '10', '2025-05-31 11:53:45.979', '620', null, 'Самовывоз', 'ыва', null), ('98', '10', '2025-05-31 11:56:04.012', '0', null, null, null, 'ываыва'), ('99', '10', '2025-05-31 11:56:06.774', '0', null, null, null, 'ываыв'), ('100', '10', '2025-05-31 11:56:16.91', '380', null, 'Самовывоз', 'ываыв', null), ('101', '10', '2025-05-31 11:56:16.91', '300', null, 'Самовывоз', 'ываыв', null), ('102', '10', '2025-05-31 11:56:16.91', '950', null, 'Самовывоз', 'ываыв', null), ('103', '10', '2025-05-31 12:00:57.986', '0', null, null, null, 'ыва'), ('104', '10', '2025-05-31 12:01:01.158', '0', null, null, null, 'ываыв'), ('105', '10', '2025-05-31 12:01:08.287', '300', null, 'Самовывоз', 'ыва', null), ('106', '10', '2025-05-31 12:01:08.287', '280', null, 'Самовывоз', 'ыва', null), ('107', '10', '2025-05-31 12:05:09.309', '0', null, null, null, 'фывфы'), ('108', '10', '2025-05-31 12:05:18.032', '1850', null, 'Самовывоз', 'фывфыв', null), ('109', '10', '2025-05-31 12:06:34.002', '2150', null, 'Самовывоз', 'asd', null), ('110', '11', '2025-05-31 14:42:42.485', '0', null, null, null, 'без пеперони'), ('111', '11', '2025-05-31 14:43:18.685', '2600', null, 'Мельникайте д 103', null, null), ('112', '11', '2025-05-31 14:44:40.204', '0', null, null, null, 'без дорблю'), ('113', '11', '2025-05-31 14:44:53.397', '1300', null, 'Самовывоз', null, null), ('114', '11', '2025-05-31 17:58:06.491', '0', null, null, null, 'ппп'), ('115', '11', '2025-05-31 17:58:35.247', '1270', null, 'Самовывоз', null, null), ('116', '12', '2025-06-01 11:50:45.864', '3320', null, 'Самовывоз', null, null), ('117', '11', '2025-06-01 16:41:04.244', '0', null, null, null, 'без кунжута'), ('118', '11', '2025-06-01 16:41:39.402', '2150', null, 'Мельникайте д 103', 'нет домофона', null), ('119', '11', '2025-06-01 18:06:05.505', '620', null, 'Мельникатйе дом 103', 'нет домофона', null), ('120', '11', '2025-06-03 08:36:09.347', '2040', null, 'Самовывоз', 'бебебе', null), ('121', '11', '2025-06-06 07:49:25.409', '0', null, null, null, 'без дорблю'), ('122', '11', '2025-06-06 07:50:07.749', 
'1270', null, 'Самовывоз', 'ппппп', null), ('123', '13', '2025-06-06 12:19:32.217', '620', null, 'Самовывоз', null, null);

INSERT INTO "public"."order_items" ("id", "orderid", "productid", "price") VALUES ('1', '1', '4', '620'), ('2', '1', '1', '550'), ('3', '2', '1', '550'), ('4', '2', '2', '600'), ('5', '3', '2', '600'), ('6', '3', '1', '550'), ('7', '4', '4', '620'), ('8', '4', '10', '300'), ('9', '5', '2', '600'), ('10', '6', '2', '600'), ('11', '7', '2', '600'), ('12', '8', '2', '600'), ('13', '8', '1', '550'), ('14', '9', '2', '600'), ('15', '9', '2', '600'), ('16', '9', '3', '650'), ('17', '9', '2', '600'), ('18', '9', '2', '600'), ('19', '9', '2', '600'), ('20', '9', '2', '600'), ('21', '9', '3', '650'), ('22', '9', '3', '650'), ('23', '10', '3', '650'), ('24', '10', '3', '650'), ('25', '11', '3', '650'), ('26', '11', '3', '650'), ('27', '13', '2', '600'), ('28', '13', '1', '550'), ('29', '14', '2', '600'), ('30', '14', '3', '650'), ('31', '15', '2', '600'), ('32', '15', '3', '650'), ('33', '16', '3', '650'), ('34', '16', '2', '600'), ('35', '17', '3', '650'), ('36', '17', '1', '550'), ('37', '17', '1', '550'), ('38', '18', '5', '1200'), ('39', '18', '3', '650'), ('40', '19', '2', '600'), ('41', '19', '1', '550'), ('42', '19', '2', '600'), ('43', '19', '4', '620'), ('44', '19', '3', '650'), ('45', '19', '3', '650'), ('46', '20', '3', '650'), ('47', '21', '3', '650'), ('48', '21', '3', '650'), ('49', '21', '3', '650'), ('50', '22', '3', '650'), ('51', '22', '3', '650'), ('52', '22', '3', '650'), ('53', '23', '1', '550'), ('54', '24', '2', '600'), ('55', '25', '2', '600'), ('56', '25', '4', '620'), ('57', '25', '4', '620'), ('58', '26', '2', '600'), ('59', '26', '4', '620'), ('60', '27', '3', '650'), ('61', '27', '1', '550'), ('62', '28', '1', '550'), ('63', '30', '1', '550'), ('64', '32', '1', '550'), ('65', '35', '3', '650'), ('66', '35', '3', '650'), ('67', '35', '3', '650'), ('68', '35', '3', '650'), ('69', '35', '3', '650'), ('70', '35', '3', '650'), ('71', '37', '3', '650'), ('72', '37', '1', '550'), ('73', '37', '3', '650'), ('74', '37', '3', '650'), ('75', '37', '3', '650'), ('76', '37', '1', '550'), ('77', '37', '1', '550'), ('78', '38', '3', '650'), ('79', '38', '3', '650'), ('80', '38', '3', '650'), ('81', '38', '3', '650'), ('82', '40', '2', '600'), ('83', '40', '2', '600'), ('84', '40', '2', '600'), ('85', '41', '2', '600'), ('86', '41', '2', '600'), ('87', '41', '2', '600'), ('88', '42', '3', '650'), ('89', '43', '4', '620'), ('90', '43', '3', '650'), ('91', '43', '15', '300'), ('92', '43', '14', '250'), ('93', '43', '14', '250'), ('94', '43', '14', '250'), ('95', '45', '1', '550'), ('96', '45', '2', '600'), ('97', '46', '4', '620'), ('98', '48', '5', '1200'), ('99', '48', '5', '1200'), ('100', '48', '5', '1200'), ('101', '49', '11', '380'), ('102', '49', '11', '380'), ('103', '49', '2', '600'), ('104', '49', '1', '550'), ('105', '49', '2', '600'), ('106', '51', '6', '900'), ('107', '51', '7', '1100'), ('108', '52', '4', '620'), ('109', '52', '4', '620'), ('110', '54', '2', '600'), ('111', '54', '3', '650'), ('112', '55', '3', '650'), ('113', '55', '7', '1100'), ('114', '57', '7', '1100'), ('115', '57', '6', '900'), ('116', '58', '3', '650'), ('117', '58', '4', '620'), ('118', '59', '3', '650'), ('119', '60', '4', '620'), ('120', '61', '3', '650'), ('121', '62', '2', '600'), ('122', '63', '8', '950'), ('123', '63', '7', '1100'), ('124', '64', '4', '620'), ('125', '66', '2', '600'), ('126', '66', '2', '600'), ('127', '66', '2', '600'), ('128', '66', '2', '600'), ('129', '67', '4', '620'), ('130', '68', '4', '620'), ('131', '69', '3', '650'), ('132', '72', '24', '150'), ('133', '72', '17', '120'), ('134', '72', '12', '320'), ('135', '72', '10', '300'), ('136', '72', '12', '320'), ('137', '76', '4', '620'), ('138', '76', '15', '300'), ('139', '76', '17', '120'), ('140', '78', '6', '900'), ('141', '78', '2', '600'), ('142', '78', '2', '600'), ('143', '79', '3', '650'), ('144', '81', '3', '650'), ('145', '83', '4', '620'), ('146', '83', '3', '650'), ('147', '85', '2', '600'), ('148', '85', '4', '620'), ('149', '85', '7', '1100'), ('150', '87', '2', '600'), ('151', '87', '3', '650'), ('152', '87', '7', '1100'), ('153', '88', '4', '620'), ('154', '88', '3', '650'), ('155', '90', '3', '650'), ('156', '90', '4', '620'), ('157', '94', '4', '620'), ('158', '97', '4', '620'), ('159', '93', '2', '600'), ('160', '95', '3', '650'), ('161', '96', '11', '380'), ('162', '100', '11', '380'), ('163', '101', '10', '300'), ('164', '102', '8', '950'), ('165', '105', '15', '300'), ('166', '106', '13', '280'), ('167', '108', '6', '900'), ('168', '108', '8', '950'), ('169', '109', '2', '600'), ('170', '109', '3', '650'), ('171', '109', '6', '900'), ('172', '111', '2', '600'), ('173', '111', '6', '900'), ('174', '111', '7', '1100'), ('175', '113', '3', '650'), ('176', '113', '3', '650'), ('177', '115', '4', '620'), ('178', '115', '3', '650'), ('179', '116', '4', '620'), ('180', '116', '3', '650'), ('181', '116', '8', '950'), ('182', '116', '7', '1100'), ('183', '118', '8', '950'), ('184', '118', '5', '1200'), ('185', '119', '4', '620'), ('186', '120', '4', '620'), ('187', '120', '7', '1100'), ('188', '120', '12', '320'), ('189', '122', '4', '620'), ('190', '122', '3', '650'), ('191', '123', '4', '620');
